Country Name,Country ISO3,Year,Indicator Name,Indicator Code,Value
#country+name,#country+code,#date+year,#indicator+name,#indicator+code,#indicator+value+num
Zambia,ZMB,2020,"Access to electricity, urban (% of urban population)",EG.ELC.ACCS.UR.ZS,82.3826217651367
Zambia,ZMB,2019,"Access to electricity, urban (% of urban population)",EG.ELC.ACCS.UR.ZS,79.4621047973633
Zambia,ZMB,2018,"Access to electricity, urban (% of urban population)",EG.ELC.ACCS.UR.ZS,76.4618759155273
Zambia,ZMB,2017,"Access to electricity, urban (% of urban population)",EG.ELC.ACCS.UR.ZS,75.1999969482422
Zambia,ZMB,2016,"Access to electricity, urban (% of urban population)",EG.ELC.ACCS.UR.ZS,69.9614105224609
Zambia,ZMB,2015,"Access to electricity, urban (% of urban population)",EG.ELC.ACCS.UR.ZS,67.6999969482422
Zambia,ZMB,2014,"Access to electricity, urban (% of urban population)",EG.ELC.ACCS.UR.ZS,61.5
Zambia,ZMB,2013,"Access to electricity, urban (% of urban population)",EG.ELC.ACCS.UR.ZS,61.3586006164551
Zambia,ZMB,2012,"Access to electricity, urban (% of urban population)",EG.ELC.ACCS.UR.ZS,60.1433067321777
Zambia,ZMB,2011,"Access to electricity, urban (% of urban population)",EG.ELC.ACCS.UR.ZS,58.9159278869629
Zambia,ZMB,2010,"Access to electricity, urban (% of urban population)",EG.ELC.ACCS.UR.ZS,49.7999992370605
Zambia,ZMB,2009,"Access to electricity, urban (% of urban population)",EG.ELC.ACCS.UR.ZS,56.4438552856445
Zambia,ZMB,2008,"Access to electricity, urban (% of urban population)",EG.ELC.ACCS.UR.ZS,55.2105369567871
Zambia,ZMB,2007,"Access to electricity, urban (% of urban population)",EG.ELC.ACCS.UR.ZS,47.7999992370605
Zambia,ZMB,2006,"Access to electricity, urban (% of urban population)",EG.ELC.ACCS.UR.ZS,52.7777709960938
Zambia,ZMB,2005,"Access to electricity, urban (% of urban population)",EG.ELC.ACCS.UR.ZS,51.5896987915039
Zambia,ZMB,2004,"Access to electricity, urban (% of urban population)",EG.ELC.ACCS.UR.ZS,47.5999984741211
Zambia,ZMB,2003,"Access to electricity, urban (% of urban population)",EG.ELC.ACCS.UR.ZS,48
Zambia,ZMB,2002,"Access to electricity, urban (% of urban population)",EG.ELC.ACCS.UR.ZS,45.0999984741211
Zambia,ZMB,2001,"Access to electricity, urban (% of urban population)",EG.ELC.ACCS.UR.ZS,47.0240707397461
Zambia,ZMB,2000,"Access to electricity, urban (% of urban population)",EG.ELC.ACCS.UR.ZS,44.0999984741211
Zambia,ZMB,1999,"Access to electricity, urban (% of urban population)",EG.ELC.ACCS.UR.ZS,44.7673645019531
Zambia,ZMB,1998,"Access to electricity, urban (% of urban population)",EG.ELC.ACCS.UR.ZS,48
Zambia,ZMB,1997,"Access to electricity, urban (% of urban population)",EG.ELC.ACCS.UR.ZS,42.440071105957
Zambia,ZMB,1996,"Access to electricity, urban (% of urban population)",EG.ELC.ACCS.UR.ZS,44.1
Zambia,ZMB,1995,"Access to electricity, urban (% of urban population)",EG.ELC.ACCS.UR.ZS,40.0386352539063
Zambia,ZMB,1994,"Access to electricity, urban (% of urban population)",EG.ELC.ACCS.UR.ZS,38.8173828125
Zambia,ZMB,1993,"Access to electricity, urban (% of urban population)",EG.ELC.ACCS.UR.ZS,37.5866508483887
Zambia,ZMB,1992,"Access to electricity, urban (% of urban population)",EG.ELC.ACCS.UR.ZS,39.2
Zambia,ZMB,1991,"Access to electricity, urban (% of urban population)",EG.ELC.ACCS.UR.ZS,35.1093902587891
Zambia,ZMB,1990,"Access to electricity, urban (% of urban population)",EG.ELC.ACCS.UR.ZS,34.7
Zambia,ZMB,2017,"PM2.5 air pollution, mean annual exposure (micrograms per cubic meter)",EN.ATM.PM25.MC.M3,27.438034758712
Zambia,ZMB,2016,"PM2.5 air pollution, mean annual exposure (micrograms per cubic meter)",EN.ATM.PM25.MC.M3,27.3556737084119
Zambia,ZMB,2015,"PM2.5 air pollution, mean annual exposure (micrograms per cubic meter)",EN.ATM.PM25.MC.M3,28.3754516793263
Zambia,ZMB,2014,"PM2.5 air pollution, mean annual exposure (micrograms per cubic meter)",EN.ATM.PM25.MC.M3,28.4932518913568
Zambia,ZMB,2013,"PM2.5 air pollution, mean annual exposure (micrograms per cubic meter)",EN.ATM.PM25.MC.M3,29.1122207838349
Zambia,ZMB,2012,"PM2.5 air pollution, mean annual exposure (micrograms per cubic meter)",EN.ATM.PM25.MC.M3,29.7420395289995
Zambia,ZMB,2011,"PM2.5 air pollution, mean annual exposure (micrograms per cubic meter)",EN.ATM.PM25.MC.M3,28.9871167369868
Zambia,ZMB,2010,"PM2.5 air pollution, mean annual exposure (micrograms per cubic meter)",EN.ATM.PM25.MC.M3,28.8363786000437
Zambia,ZMB,2005,"PM2.5 air pollution, mean annual exposure (micrograms per cubic meter)",EN.ATM.PM25.MC.M3,28.9470552178137
Zambia,ZMB,2000,"PM2.5 air pollution, mean annual exposure (micrograms per cubic meter)",EN.ATM.PM25.MC.M3,30.8982041470718
Zambia,ZMB,1995,"PM2.5 air pollution, mean annual exposure (micrograms per cubic meter)",EN.ATM.PM25.MC.M3,30.9084655427808
Zambia,ZMB,1990,"PM2.5 air pollution, mean annual exposure (micrograms per cubic meter)",EN.ATM.PM25.MC.M3,32.7648450942645
Zambia,ZMB,2017,"PM2.5 air pollution, population exposed to levels exceeding WHO guideline value (% of total)",EN.ATM.PM25.MC.ZS,100
Zambia,ZMB,2016,"PM2.5 air pollution, population exposed to levels exceeding WHO guideline value (% of total)",EN.ATM.PM25.MC.ZS,100
Zambia,ZMB,2015,"PM2.5 air pollution, population exposed to levels exceeding WHO guideline value (% of total)",EN.ATM.PM25.MC.ZS,100
Zambia,ZMB,2014,"PM2.5 air pollution, population exposed to levels exceeding WHO guideline value (% of total)",EN.ATM.PM25.MC.ZS,100
Zambia,ZMB,2013,"PM2.5 air pollution, population exposed to levels exceeding WHO guideline value (% of total)",EN.ATM.PM25.MC.ZS,100
Zambia,ZMB,2012,"PM2.5 air pollution, population exposed to levels exceeding WHO guideline value (% of total)",EN.ATM.PM25.MC.ZS,100
Zambia,ZMB,2011,"PM2.5 air pollution, population exposed to levels exceeding WHO guideline value (% of total)",EN.ATM.PM25.MC.ZS,100
Zambia,ZMB,2010,"PM2.5 air pollution, population exposed to levels exceeding WHO guideline value (% of total)",EN.ATM.PM25.MC.ZS,100
Zambia,ZMB,2005,"PM2.5 air pollution, population exposed to levels exceeding WHO guideline value (% of total)",EN.ATM.PM25.MC.ZS,100
Zambia,ZMB,2000,"PM2.5 air pollution, population exposed to levels exceeding WHO guideline value (% of total)",EN.ATM.PM25.MC.ZS,100
Zambia,ZMB,1995,"PM2.5 air pollution, population exposed to levels exceeding WHO guideline value (% of total)",EN.ATM.PM25.MC.ZS,100
Zambia,ZMB,1990,"PM2.5 air pollution, population exposed to levels exceeding WHO guideline value (% of total)",EN.ATM.PM25.MC.ZS,100
Zambia,ZMB,2020,Population density (people per sq. km of land area),EN.POP.DNST,24.7298941336311
Zambia,ZMB,2019,Population density (people per sq. km of land area),EN.POP.DNST,24.0264652470439
Zambia,ZMB,2018,Population density (people per sq. km of land area),EN.POP.DNST,23.341333620307
Zambia,ZMB,2017,Population density (people per sq. km of land area),EN.POP.DNST,22.671286942251
Zambia,ZMB,2016,Population density (people per sq. km of land area),EN.POP.DNST,22.011930480636
Zambia,ZMB,2015,Population density (people per sq. km of land area),EN.POP.DNST,21.3607527677262
Zambia,ZMB,2014,Population density (people per sq. km of land area),EN.POP.DNST,20.7156310953873
Zambia,ZMB,2013,Population density (people per sq. km of land area),EN.POP.DNST,20.0790311949313
Zambia,ZMB,2012,Population density (people per sq. km of land area),EN.POP.DNST,19.4583569862387
Zambia,ZMB,2011,Population density (people per sq. km of land area),EN.POP.DNST,18.8638520830251
Zambia,ZMB,2010,Population density (people per sq. km of land area),EN.POP.DNST,18.3026217732281
Zambia,ZMB,2009,Population density (people per sq. km of land area),EN.POP.DNST,17.7768627503733
Zambia,ZMB,2008,Population density (people per sq. km of land area),EN.POP.DNST,17.2837016909025
Zambia,ZMB,2007,Population density (people per sq. km of land area),EN.POP.DNST,16.8188407161786
Zambia,ZMB,2006,Population density (people per sq. km of land area),EN.POP.DNST,16.3756816744912
Zambia,ZMB,2005,Population density (people per sq. km of land area),EN.POP.DNST,15.9488882013479
Zambia,ZMB,2004,Population density (people per sq. km of land area),EN.POP.DNST,15.5377944282274
Zambia,ZMB,2003,Population density (people per sq. km of land area),EN.POP.DNST,15.1424420559868
Zambia,ZMB,2002,Population density (people per sq. km of land area),EN.POP.DNST,14.7590147836264
Zambia,ZMB,2001,Population density (people per sq. km of land area),EN.POP.DNST,14.3830250608698
Zambia,ZMB,2000,Population density (people per sq. km of land area),EN.POP.DNST,14.0114098925194
Zambia,ZMB,1999,Population density (people per sq. km of land area),EN.POP.DNST,13.6409744548622
Zambia,ZMB,1998,Population density (people per sq. km of land area),EN.POP.DNST,13.2722716205491
Zambia,ZMB,1997,Population density (people per sq. km of land area),EN.POP.DNST,12.9105987435935
Zambia,ZMB,1996,Population density (people per sq. km of land area),EN.POP.DNST,12.563714873754
Zambia,ZMB,1995,Population density (people per sq. km of land area),EN.POP.DNST,12.2366563983912
Zambia,ZMB,1994,Population density (people per sq. km of land area),EN.POP.DNST,11.9314828017595
Zambia,ZMB,1993,Population density (people per sq. km of land area),EN.POP.DNST,11.644606464978
Zambia,ZMB,1992,Population density (people per sq. km of land area),EN.POP.DNST,11.3686570978894
Zambia,ZMB,1991,Population density (people per sq. km of land area),EN.POP.DNST,11.0933184465758
Zambia,ZMB,1990,Population density (people per sq. km of land area),EN.POP.DNST,10.8110803212311
Zambia,ZMB,1989,Population density (people per sq. km of land area),EN.POP.DNST,10.5196451391598
Zambia,ZMB,1988,Population density (people per sq. km of land area),EN.POP.DNST,10.2211087047176
Zambia,ZMB,1987,Population density (people per sq. km of land area),EN.POP.DNST,9.91785603788052
Zambia,ZMB,1986,Population density (people per sq. km of land area),EN.POP.DNST,9.61401821385814
Zambia,ZMB,1985,Population density (people per sq. km of land area),EN.POP.DNST,9.31294206271271
Zambia,ZMB,1984,Population density (people per sq. km of land area),EN.POP.DNST,9.01484685024012
Zambia,ZMB,1983,Population density (people per sq. km of land area),EN.POP.DNST,8.71938955326276
Zambia,ZMB,1982,Population density (people per sq. km of land area),EN.POP.DNST,8.42877762681769
Zambia,ZMB,1981,Population density (people per sq. km of land area),EN.POP.DNST,8.14560459516539
Zambia,ZMB,1980,Population density (people per sq. km of land area),EN.POP.DNST,7.87180080442298
Zambia,ZMB,1979,Population density (people per sq. km of land area),EN.POP.DNST,7.60858365057372
Zambia,ZMB,1978,Population density (people per sq. km of land area),EN.POP.DNST,7.35584148293628
Zambia,ZMB,1977,Population density (people per sq. km of land area),EN.POP.DNST,7.11274566512867
Zambia,ZMB,1976,Population density (people per sq. km of land area),EN.POP.DNST,6.87771290977818
Zambia,ZMB,1975,Population density (people per sq. km of land area),EN.POP.DNST,6.64964419752754
Zambia,ZMB,1974,Population density (people per sq. km of land area),EN.POP.DNST,6.42827587134613
Zambia,ZMB,1973,Population density (people per sq. km of land area),EN.POP.DNST,6.21416618464063
Zambia,ZMB,1972,Population density (people per sq. km of land area),EN.POP.DNST,6.00784245147231
Zambia,ZMB,1971,Population density (people per sq. km of land area),EN.POP.DNST,5.81017500908003
Zambia,ZMB,1970,Population density (people per sq. km of land area),EN.POP.DNST,5.62162794764525
Zambia,ZMB,1969,Population density (people per sq. km of land area),EN.POP.DNST,5.44228466888174
Zambia,ZMB,1968,Population density (people per sq. km of land area),EN.POP.DNST,5.27162323948399
Zambia,ZMB,1967,Population density (people per sq. km of land area),EN.POP.DNST,5.1088621046826
Zambia,ZMB,1966,Population density (people per sq. km of land area),EN.POP.DNST,4.9529224229543
Zambia,ZMB,1965,Population density (people per sq. km of land area),EN.POP.DNST,4.80295134451634
Zambia,ZMB,1964,Population density (people per sq. km of land area),EN.POP.DNST,4.65867310563769
Zambia,ZMB,1963,Population density (people per sq. km of land area),EN.POP.DNST,4.51996798450342
Zambia,ZMB,1962,Population density (people per sq. km of land area),EN.POP.DNST,4.38618356448163
Zambia,ZMB,1961,Population density (people per sq. km of land area),EN.POP.DNST,4.25662169251671
Zambia,ZMB,2018,Population living in slums (% of urban population),EN.POP.SLUM.UR.ZS,54.5999984741211
Zambia,ZMB,2016,Population living in slums (% of urban population),EN.POP.SLUM.UR.ZS,63.2999992370605
Zambia,ZMB,2014,Population living in slums (% of urban population),EN.POP.SLUM.UR.ZS,54
Zambia,ZMB,2010,Population living in slums (% of urban population),EN.POP.SLUM.UR.ZS,57.2999992370605
Zambia,ZMB,2005,Population living in slums (% of urban population),EN.POP.SLUM.UR.ZS,57.2000007629395
Zambia,ZMB,2000,Population living in slums (% of urban population),EN.POP.SLUM.UR.ZS,57.2000007629395
Zambia,ZMB,1995,Population living in slums (% of urban population),EN.POP.SLUM.UR.ZS,57.0999984741211
Zambia,ZMB,1990,Population living in slums (% of urban population),EN.POP.SLUM.UR.ZS,57
Zambia,ZMB,2021,Population in largest city,EN.URB.LCTY,2905993
Zambia,ZMB,2020,Population in largest city,EN.URB.LCTY,2774133
Zambia,ZMB,2019,Population in largest city,EN.URB.LCTY,2646619
Zambia,ZMB,2018,Population in largest city,EN.URB.LCTY,2523844
Zambia,ZMB,2017,Population in largest city,EN.URB.LCTY,2406227
Zambia,ZMB,2016,Population in largest city,EN.URB.LCTY,2294091
Zambia,ZMB,2015,Population in largest city,EN.URB.LCTY,2187180
Zambia,ZMB,2014,Population in largest city,EN.URB.LCTY,2085252
Zambia,ZMB,2013,Population in largest city,EN.URB.LCTY,1988075
Zambia,ZMB,2012,Population in largest city,EN.URB.LCTY,1895425
Zambia,ZMB,2011,Population in largest city,EN.URB.LCTY,1807094
Zambia,ZMB,2010,Population in largest city,EN.URB.LCTY,1722879
Zambia,ZMB,2009,Population in largest city,EN.URB.LCTY,1642590
Zambia,ZMB,2008,Population in largest city,EN.URB.LCTY,1566144
Zambia,ZMB,2007,Population in largest city,EN.URB.LCTY,1493061
Zambia,ZMB,2006,Population in largest city,EN.URB.LCTY,1423481
Zambia,ZMB,2005,Population in largest city,EN.URB.LCTY,1357143
Zambia,ZMB,2004,Population in largest city,EN.URB.LCTY,1293983
Zambia,ZMB,2003,Population in largest city,EN.URB.LCTY,1233599
Zambia,ZMB,2002,Population in largest city,EN.URB.LCTY,1176111
Zambia,ZMB,2001,Population in largest city,EN.URB.LCTY,1121302
Zambia,ZMB,2000,Population in largest city,EN.URB.LCTY,1073299
Zambia,ZMB,1999,Population in largest city,EN.URB.LCTY,1036489
Zambia,ZMB,1998,Population in largest city,EN.URB.LCTY,1000989
Zambia,ZMB,1997,Population in largest city,EN.URB.LCTY,966706
Zambia,ZMB,1996,Population in largest city,EN.URB.LCTY,933641
Zambia,ZMB,1995,Population in largest city,EN.URB.LCTY,901621
Zambia,ZMB,1994,Population in largest city,EN.URB.LCTY,870740
Zambia,ZMB,1993,Population in largest city,EN.URB.LCTY,840918
Zambia,ZMB,1992,Population in largest city,EN.URB.LCTY,812155
Zambia,ZMB,1991,Population in largest city,EN.URB.LCTY,784302
Zambia,ZMB,1990,Population in largest city,EN.URB.LCTY,757433
Zambia,ZMB,1989,Population in largest city,EN.URB.LCTY,731445
Zambia,ZMB,1988,Population in largest city,EN.URB.LCTY,706384
Zambia,ZMB,1987,Population in largest city,EN.URB.LCTY,682115
Zambia,ZMB,1986,Population in largest city,EN.URB.LCTY,658712
Zambia,ZMB,1985,Population in largest city,EN.URB.LCTY,636111
Zambia,ZMB,1984,Population in largest city,EN.URB.LCTY,614316
Zambia,ZMB,1983,Population in largest city,EN.URB.LCTY,593210
Zambia,ZMB,1982,Population in largest city,EN.URB.LCTY,572857
Zambia,ZMB,1981,Population in largest city,EN.URB.LCTY,553203
Zambia,ZMB,1980,Population in largest city,EN.URB.LCTY,532878
Zambia,ZMB,1979,Population in largest city,EN.URB.LCTY,499183
Zambia,ZMB,1978,Population in largest city,EN.URB.LCTY,467660
Zambia,ZMB,1977,Population in largest city,EN.URB.LCTY,438128
Zambia,ZMB,1976,Population in largest city,EN.URB.LCTY,410498
Zambia,ZMB,1975,Population in largest city,EN.URB.LCTY,384542
Zambia,ZMB,1974,Population in largest city,EN.URB.LCTY,360259
Zambia,ZMB,1973,Population in largest city,EN.URB.LCTY,337509
Zambia,ZMB,1972,Population in largest city,EN.URB.LCTY,316224
Zambia,ZMB,1971,Population in largest city,EN.URB.LCTY,296229
Zambia,ZMB,1970,Population in largest city,EN.URB.LCTY,277523
Zambia,ZMB,1969,Population in largest city,EN.URB.LCTY,257980
Zambia,ZMB,1968,Population in largest city,EN.URB.LCTY,228866
Zambia,ZMB,1967,Population in largest city,EN.URB.LCTY,202970
Zambia,ZMB,1966,Population in largest city,EN.URB.LCTY,180034
Zambia,ZMB,1965,Population in largest city,EN.URB.LCTY,159690
Zambia,ZMB,1964,Population in largest city,EN.URB.LCTY,141668
Zambia,ZMB,1963,Population in largest city,EN.URB.LCTY,125639
Zambia,ZMB,1962,Population in largest city,EN.URB.LCTY,115399
Zambia,ZMB,1961,Population in largest city,EN.URB.LCTY,106863
Zambia,ZMB,1960,Population in largest city,EN.URB.LCTY,98968
Zambia,ZMB,2021,Population in the largest city (% of urban population),EN.URB.LCTY.UR.ZS,33.9842474564378
Zambia,ZMB,2020,Population in the largest city (% of urban population),EN.URB.LCTY.UR.ZS,33.812021486546
Zambia,ZMB,2019,Population in the largest city (% of urban population),EN.URB.LCTY.UR.ZS,33.6218854468181
Zambia,ZMB,2018,Population in the largest city (% of urban population),EN.URB.LCTY.UR.ZS,33.4211420858439
Zambia,ZMB,2017,Population in the largest city (% of urban population),EN.URB.LCTY.UR.ZS,33.2213816720045
Zambia,ZMB,2016,Population in the largest city (% of urban population),EN.URB.LCTY.UR.ZS,33.0355023962029
Zambia,ZMB,2015,Population in the largest city (% of urban population),EN.URB.LCTY.UR.ZS,32.867347662538
Zambia,ZMB,2014,Population in the largest city (% of urban population),EN.URB.LCTY.UR.ZS,32.7214250945668
Zambia,ZMB,2013,Population in the largest city (% of urban population),EN.URB.LCTY.UR.ZS,32.5928093597509
Zambia,ZMB,2012,Population in the largest city (% of urban population),EN.URB.LCTY.UR.ZS,32.4711089061215
Zambia,ZMB,2011,Population in the largest city (% of urban population),EN.URB.LCTY.UR.ZS,32.3366052983107
Zambia,ZMB,2010,Population in the largest city (% of urban population),EN.URB.LCTY.UR.ZS,32.175464401315
Zambia,ZMB,2009,Population in the largest city (% of urban population),EN.URB.LCTY.UR.ZS,31.984782114272
Zambia,ZMB,2008,Population in the largest city (% of urban population),EN.URB.LCTY.UR.ZS,31.7669179795177
Zambia,ZMB,2007,Population in the largest city (% of urban population),EN.URB.LCTY.UR.ZS,31.5241438050304
Zambia,ZMB,2006,Population in the largest city (% of urban population),EN.URB.LCTY.UR.ZS,31.269579444354
Zambia,ZMB,2005,Population in the largest city (% of urban population),EN.URB.LCTY.UR.ZS,31.0114942948976
Zambia,ZMB,2004,Population in the largest city (% of urban population),EN.URB.LCTY.UR.ZS,30.7512846672413
Zambia,ZMB,2003,Population in the largest city (% of urban population),EN.URB.LCTY.UR.ZS,30.4824840477095
Zambia,ZMB,2002,Population in the largest city (% of urban population),EN.URB.LCTY.UR.ZS,30.2170333990029
Zambia,ZMB,2001,Population in the largest city (% of urban population),EN.URB.LCTY.UR.ZS,29.961445382651
Zambia,ZMB,2000,Population in the largest city (% of urban population),EN.URB.LCTY.UR.ZS,29.6086076630999
Zambia,ZMB,1999,Population in the largest city (% of urban population),EN.URB.LCTY.UR.ZS,28.9897800501208
Zambia,ZMB,1998,Population in the largest city (% of urban population),EN.URB.LCTY.UR.ZS,28.4056346501471
Zambia,ZMB,1997,Population in the largest city (% of urban population),EN.URB.LCTY.UR.ZS,27.8426661513103
Zambia,ZMB,1996,Population in the largest city (% of urban population),EN.URB.LCTY.UR.ZS,27.2843343481709
Zambia,ZMB,1995,Population in the largest city (% of urban population),EN.URB.LCTY.UR.ZS,26.7130737244108
Zambia,ZMB,1994,Population in the largest city (% of urban population),EN.URB.LCTY.UR.ZS,26.1284107232289
Zambia,ZMB,1993,Population in the largest city (% of urban population),EN.URB.LCTY.UR.ZS,25.5357565819441
Zambia,ZMB,1992,Population in the largest city (% of urban population),EN.URB.LCTY.UR.ZS,24.9513740759846
Zambia,ZMB,1991,Population in the largest city (% of urban population),EN.URB.LCTY.UR.ZS,24.3928776586629
Zambia,ZMB,1990,Population in the largest city (% of urban population),EN.URB.LCTY.UR.ZS,23.9158076474836
Zambia,ZMB,1989,Population in the largest city (% of urban population),EN.URB.LCTY.UR.ZS,23.705590402711
Zambia,ZMB,1988,Population in the largest city (% of urban population),EN.URB.LCTY.UR.ZS,23.5322257878927
Zambia,ZMB,1987,Population in the largest city (% of urban population),EN.URB.LCTY.UR.ZS,23.3889464370273
Zambia,ZMB,1986,Population in the largest city (% of urban population),EN.URB.LCTY.UR.ZS,23.2708866268851
Zambia,ZMB,1985,Population in the largest city (% of urban population),EN.URB.LCTY.UR.ZS,23.1702857242765
Zambia,ZMB,1984,Population in the largest city (% of urban population),EN.URB.LCTY.UR.ZS,23.0872176512083
Zambia,ZMB,1983,Population in the largest city (% of urban population),EN.URB.LCTY.UR.ZS,23.0204565051873
Zambia,ZMB,1982,Population in the largest city (% of urban population),EN.URB.LCTY.UR.ZS,22.9682185644768
Zambia,ZMB,1981,Population in the largest city (% of urban population),EN.URB.LCTY.UR.ZS,22.9230548658602
Zambia,ZMB,1980,Population in the largest city (% of urban population),EN.URB.LCTY.UR.ZS,22.8712722128537
Zambia,ZMB,1979,Population in the largest city (% of urban population),EN.URB.LCTY.UR.ZS,22.7355868686583
Zambia,ZMB,1978,Population in the largest city (% of urban population),EN.URB.LCTY.UR.ZS,22.6058995955049
Zambia,ZMB,1977,Population in the largest city (% of urban population),EN.URB.LCTY.UR.ZS,22.4828143954711
Zambia,ZMB,1976,Population in the largest city (% of urban population),EN.URB.LCTY.UR.ZS,22.3705607435891
Zambia,ZMB,1975,Population in the largest city (% of urban population),EN.URB.LCTY.UR.ZS,22.2679564649644
Zambia,ZMB,1974,Population in the largest city (% of urban population),EN.URB.LCTY.UR.ZS,22.1782328160696
Zambia,ZMB,1973,Population in the largest city (% of urban population),EN.URB.LCTY.UR.ZS,22.0988575031641
Zambia,ZMB,1972,Population in the largest city (% of urban population),EN.URB.LCTY.UR.ZS,22.0258481084074
Zambia,ZMB,1971,Population in the largest city (% of urban population),EN.URB.LCTY.UR.ZS,21.9531499537932
Zambia,ZMB,1970,Population in the largest city (% of urban population),EN.URB.LCTY.UR.ZS,21.879994039674
Zambia,ZMB,1969,Population in the largest city (% of urban population),EN.URB.LCTY.UR.ZS,21.7112117646861
Zambia,ZMB,1968,Population in the largest city (% of urban population),EN.URB.LCTY.UR.ZS,21.014347705524
Zambia,ZMB,1967,Population in the largest city (% of urban population),EN.URB.LCTY.UR.ZS,20.3507259164193
Zambia,ZMB,1966,Population in the largest city (% of urban population),EN.URB.LCTY.UR.ZS,19.7250194199967
Zambia,ZMB,1965,Population in the largest city (% of urban population),EN.URB.LCTY.UR.ZS,19.1362618320913
Zambia,ZMB,1964,Population in the largest city (% of urban population),EN.URB.LCTY.UR.ZS,18.5812131275691
Zambia,ZMB,1963,Population in the largest city (% of urban population),EN.URB.LCTY.UR.ZS,18.0530330026554
Zambia,ZMB,1962,Population in the largest city (% of urban population),EN.URB.LCTY.UR.ZS,17.888017559551
Zambia,ZMB,1961,Population in the largest city (% of urban population),EN.URB.LCTY.UR.ZS,17.8202417321469
Zambia,ZMB,1960,Population in the largest city (% of urban population),EN.URB.LCTY.UR.ZS,17.7618886095123
Zambia,ZMB,2021,Population in urban agglomerations of more than 1 million,EN.URB.MCTY,2905993
Zambia,ZMB,2020,Population in urban agglomerations of more than 1 million,EN.URB.MCTY,2774133
Zambia,ZMB,2019,Population in urban agglomerations of more than 1 million,EN.URB.MCTY,2646619
Zambia,ZMB,2018,Population in urban agglomerations of more than 1 million,EN.URB.MCTY,2523844
Zambia,ZMB,2017,Population in urban agglomerations of more than 1 million,EN.URB.MCTY,2406227
Zambia,ZMB,2016,Population in urban agglomerations of more than 1 million,EN.URB.MCTY,2294091
Zambia,ZMB,2015,Population in urban agglomerations of more than 1 million,EN.URB.MCTY,2187180
Zambia,ZMB,2014,Population in urban agglomerations of more than 1 million,EN.URB.MCTY,2085252
Zambia,ZMB,2013,Population in urban agglomerations of more than 1 million,EN.URB.MCTY,1988075
Zambia,ZMB,2012,Population in urban agglomerations of more than 1 million,EN.URB.MCTY,1895425
Zambia,ZMB,2011,Population in urban agglomerations of more than 1 million,EN.URB.MCTY,1807094
Zambia,ZMB,2010,Population in urban agglomerations of more than 1 million,EN.URB.MCTY,1722879
Zambia,ZMB,2009,Population in urban agglomerations of more than 1 million,EN.URB.MCTY,1642590
Zambia,ZMB,2008,Population in urban agglomerations of more than 1 million,EN.URB.MCTY,1566144
Zambia,ZMB,2007,Population in urban agglomerations of more than 1 million,EN.URB.MCTY,1493061
Zambia,ZMB,2006,Population in urban agglomerations of more than 1 million,EN.URB.MCTY,1423481
Zambia,ZMB,2005,Population in urban agglomerations of more than 1 million,EN.URB.MCTY,1357143
Zambia,ZMB,2004,Population in urban agglomerations of more than 1 million,EN.URB.MCTY,1293983
Zambia,ZMB,2003,Population in urban agglomerations of more than 1 million,EN.URB.MCTY,1233599
Zambia,ZMB,2002,Population in urban agglomerations of more than 1 million,EN.URB.MCTY,1176111
Zambia,ZMB,2001,Population in urban agglomerations of more than 1 million,EN.URB.MCTY,1121302
Zambia,ZMB,2000,Population in urban agglomerations of more than 1 million,EN.URB.MCTY,1073299
Zambia,ZMB,1999,Population in urban agglomerations of more than 1 million,EN.URB.MCTY,1036489
Zambia,ZMB,1998,Population in urban agglomerations of more than 1 million,EN.URB.MCTY,1000989
Zambia,ZMB,1997,Population in urban agglomerations of more than 1 million,EN.URB.MCTY,966706
Zambia,ZMB,1996,Population in urban agglomerations of more than 1 million,EN.URB.MCTY,933641
Zambia,ZMB,1995,Population in urban agglomerations of more than 1 million,EN.URB.MCTY,901621
Zambia,ZMB,1994,Population in urban agglomerations of more than 1 million,EN.URB.MCTY,870740
Zambia,ZMB,1993,Population in urban agglomerations of more than 1 million,EN.URB.MCTY,840918
Zambia,ZMB,1992,Population in urban agglomerations of more than 1 million,EN.URB.MCTY,812155
Zambia,ZMB,1991,Population in urban agglomerations of more than 1 million,EN.URB.MCTY,784302
Zambia,ZMB,1990,Population in urban agglomerations of more than 1 million,EN.URB.MCTY,757433
Zambia,ZMB,1989,Population in urban agglomerations of more than 1 million,EN.URB.MCTY,731445
Zambia,ZMB,1988,Population in urban agglomerations of more than 1 million,EN.URB.MCTY,706384
Zambia,ZMB,1987,Population in urban agglomerations of more than 1 million,EN.URB.MCTY,682115
Zambia,ZMB,1986,Population in urban agglomerations of more than 1 million,EN.URB.MCTY,658712
Zambia,ZMB,1985,Population in urban agglomerations of more than 1 million,EN.URB.MCTY,636111
Zambia,ZMB,1984,Population in urban agglomerations of more than 1 million,EN.URB.MCTY,614316
Zambia,ZMB,1983,Population in urban agglomerations of more than 1 million,EN.URB.MCTY,593210
Zambia,ZMB,1982,Population in urban agglomerations of more than 1 million,EN.URB.MCTY,572857
Zambia,ZMB,1981,Population in urban agglomerations of more than 1 million,EN.URB.MCTY,553203
Zambia,ZMB,1980,Population in urban agglomerations of more than 1 million,EN.URB.MCTY,532878
Zambia,ZMB,1979,Population in urban agglomerations of more than 1 million,EN.URB.MCTY,499183
Zambia,ZMB,1978,Population in urban agglomerations of more than 1 million,EN.URB.MCTY,467660
Zambia,ZMB,1977,Population in urban agglomerations of more than 1 million,EN.URB.MCTY,438128
Zambia,ZMB,1976,Population in urban agglomerations of more than 1 million,EN.URB.MCTY,410498
Zambia,ZMB,1975,Population in urban agglomerations of more than 1 million,EN.URB.MCTY,384542
Zambia,ZMB,1974,Population in urban agglomerations of more than 1 million,EN.URB.MCTY,360259
Zambia,ZMB,1973,Population in urban agglomerations of more than 1 million,EN.URB.MCTY,337509
Zambia,ZMB,1972,Population in urban agglomerations of more than 1 million,EN.URB.MCTY,316224
Zambia,ZMB,1971,Population in urban agglomerations of more than 1 million,EN.URB.MCTY,296229
Zambia,ZMB,1970,Population in urban agglomerations of more than 1 million,EN.URB.MCTY,277523
Zambia,ZMB,1969,Population in urban agglomerations of more than 1 million,EN.URB.MCTY,257980
Zambia,ZMB,1968,Population in urban agglomerations of more than 1 million,EN.URB.MCTY,228866
Zambia,ZMB,1967,Population in urban agglomerations of more than 1 million,EN.URB.MCTY,202970
Zambia,ZMB,1966,Population in urban agglomerations of more than 1 million,EN.URB.MCTY,180034
Zambia,ZMB,1965,Population in urban agglomerations of more than 1 million,EN.URB.MCTY,159690
Zambia,ZMB,1964,Population in urban agglomerations of more than 1 million,EN.URB.MCTY,141668
Zambia,ZMB,1963,Population in urban agglomerations of more than 1 million,EN.URB.MCTY,125639
Zambia,ZMB,1962,Population in urban agglomerations of more than 1 million,EN.URB.MCTY,112640
Zambia,ZMB,1961,Population in urban agglomerations of more than 1 million,EN.URB.MCTY,101204
Zambia,ZMB,1960,Population in urban agglomerations of more than 1 million,EN.URB.MCTY,90942
Zambia,ZMB,2021,Population in urban agglomerations of more than 1 million (% of total population),EN.URB.MCTY.TL.ZS,15.3585592727657
Zambia,ZMB,2020,Population in urban agglomerations of more than 1 million (% of total population),EN.URB.MCTY.TL.ZS,15.0899675782514
Zambia,ZMB,2019,Population in urban agglomerations of more than 1 million (% of total population),EN.URB.MCTY.TL.ZS,14.81783753393
Zambia,ZMB,2018,Population in urban agglomerations of more than 1 million (% of total population),EN.URB.MCTY.TL.ZS,14.5452143805505
Zambia,ZMB,2017,Population in urban agglomerations of more than 1 million (% of total population),EN.URB.MCTY.TL.ZS,14.2772218269228
Zambia,ZMB,2016,Population in urban agglomerations of more than 1 million (% of total population),EN.URB.MCTY.TL.ZS,14.0196055244833
Zambia,ZMB,2015,Population in urban agglomerations of more than 1 million (% of total population),EN.URB.MCTY.TL.ZS,13.7737202420499
Zambia,ZMB,2014,Population in urban agglomerations of more than 1 million (% of total population),EN.URB.MCTY.TL.ZS,13.5407794117752
Zambia,ZMB,2013,Population in urban agglomerations of more than 1 million (% of total population),EN.URB.MCTY.TL.ZS,13.3190514004206
Zambia,ZMB,2012,Population in urban agglomerations of more than 1 million (% of total population),EN.URB.MCTY.TL.ZS,13.1033916832375
Zambia,ZMB,2011,Population in urban agglomerations of more than 1 million (% of total population),EN.URB.MCTY.TL.ZS,12.886460500204
Zambia,ZMB,2010,Population in urban agglomerations of more than 1 million (% of total population),EN.URB.MCTY.TL.ZS,12.6626545110365
Zambia,ZMB,2009,Population in urban agglomerations of more than 1 million (% of total population),EN.URB.MCTY.TL.ZS,12.4296053723827
Zambia,ZMB,2008,Population in urban agglomerations of more than 1 million (% of total population),EN.URB.MCTY.TL.ZS,12.1892845182068
Zambia,ZMB,2007,Population in urban agglomerations of more than 1 million (% of total population),EN.URB.MCTY.TL.ZS,11.9416621250747
Zambia,ZMB,2006,Population in urban agglomerations of more than 1 million (% of total population),EN.URB.MCTY.TL.ZS,11.6932590891146
Zambia,ZMB,2005,Population in urban agglomerations of more than 1 million (% of total population),EN.URB.MCTY.TL.ZS,11.4466520763237
Zambia,ZMB,2004,Population in urban agglomerations of more than 1 million (% of total population),EN.URB.MCTY.TL.ZS,11.2026942920311
Zambia,ZMB,2003,Population in urban agglomerations of more than 1 million (% of total population),EN.URB.MCTY.TL.ZS,10.9587589302054
Zambia,ZMB,2002,Population in urban agglomerations of more than 1 million (% of total population),EN.URB.MCTY.TL.ZS,10.7194926148208
Zambia,ZMB,2001,Population in urban agglomerations of more than 1 million (% of total population),EN.URB.MCTY.TL.ZS,10.4871056902524
Zambia,ZMB,2000,Population in urban agglomerations of more than 1 million (% of total population),EN.URB.MCTY.TL.ZS,10.3043872556126
Zambia,ZMB,1999,Population in urban agglomerations of more than 1 million (% of total population),EN.URB.MCTY.TL.ZS,10.2212164924949
Zambia,ZMB,1998,Population in urban agglomerations of more than 1 million (% of total population),EN.URB.MCTY.TL.ZS,10.145356892442
Zambia,ZMB,1997,Population in urban agglomerations of more than 1 million (% of total population),EN.URB.MCTY.TL.ZS,10.0723617650644
Zambia,ZMB,1996,Population in urban agglomerations of more than 1 million (% of total population),EN.URB.MCTY.TL.ZS,9.99643459025626
Zambia,ZMB,1995,Population in urban agglomerations of more than 1 million (% of total population),EN.URB.MCTY.TL.ZS,9.91161760515568
Zambia,ZMB,1994,Population in urban agglomerations of more than 1 million (% of total population),EN.URB.MCTY.TL.ZS,9.81696768058157
Zambia,ZMB,1993,Population in urban agglomerations of more than 1 million (% of total population),EN.URB.MCTY.TL.ZS,9.71431357119126
Zambia,ZMB,1992,Population in urban agglomerations of more than 1 million (% of total population),EN.URB.MCTY.TL.ZS,9.60977103528834
Zambia,ZMB,1991,Population in urban agglomerations of more than 1 million (% of total population),EN.URB.MCTY.TL.ZS,9.51053893078193
Zambia,ZMB,1990,Population in urban agglomerations of more than 1 million (% of total population),EN.URB.MCTY.TL.ZS,9.4245020654239
Zambia,ZMB,1989,Population in urban agglomerations of more than 1 million (% of total population),EN.URB.MCTY.TL.ZS,9.35327860582576
Zambia,ZMB,1988,Population in urban agglomerations of more than 1 million (% of total population),EN.URB.MCTY.TL.ZS,9.2966425252064
Zambia,ZMB,1987,Population in urban agglomerations of more than 1 million (% of total population),EN.URB.MCTY.TL.ZS,9.2517328815849
Zambia,ZMB,1986,Population in urban agglomerations of more than 1 million (% of total population),EN.URB.MCTY.TL.ZS,9.2166674945239
Zambia,ZMB,1985,Population in urban agglomerations of more than 1 million (% of total population),EN.URB.MCTY.TL.ZS,9.18817566806314
Zambia,ZMB,1984,Population in urban agglomerations of more than 1 million (% of total population),EN.URB.MCTY.TL.ZS,9.16677895417282
Zambia,ZMB,1983,Population in urban agglomerations of more than 1 million (% of total population),EN.URB.MCTY.TL.ZS,9.15178202957864
Zambia,ZMB,1982,Population in urban agglomerations of more than 1 million (% of total population),EN.URB.MCTY.TL.ZS,9.14249882977126
Zambia,ZMB,1981,Population in urban agglomerations of more than 1 million (% of total population),EN.URB.MCTY.TL.ZS,9.13575590290984
Zambia,ZMB,1980,Population in urban agglomerations of more than 1 million (% of total population),EN.URB.MCTY.TL.ZS,9.10619571558787
Zambia,ZMB,1979,Population in urban agglomerations of more than 1 million (% of total population),EN.URB.MCTY.TL.ZS,8.82549863909076
Zambia,ZMB,1978,Population in urban agglomerations of more than 1 million (% of total population),EN.URB.MCTY.TL.ZS,8.55226498964296
Zambia,ZMB,1977,Population in urban agglomerations of more than 1 million (% of total population),EN.URB.MCTY.TL.ZS,8.28603979465703
Zambia,ZMB,1976,Population in urban agglomerations of more than 1 million (% of total population),EN.URB.MCTY.TL.ZS,8.02879348649464
Zambia,ZMB,1975,Population in urban agglomerations of more than 1 million (% of total population),EN.URB.MCTY.TL.ZS,7.77908752469768
Zambia,ZMB,1974,Population in urban agglomerations of more than 1 million (% of total population),EN.URB.MCTY.TL.ZS,7.53882423646854
Zambia,ZMB,1973,Population in urban agglomerations of more than 1 million (% of total population),EN.URB.MCTY.TL.ZS,7.30610282518921
Zambia,ZMB,1972,Population in urban agglomerations of more than 1 million (% of total population),EN.URB.MCTY.TL.ZS,7.08042909248864
Zambia,ZMB,1971,Population in urban agglomerations of more than 1 million (% of total population),EN.URB.MCTY.TL.ZS,6.85838157114261
Zambia,ZMB,1970,Population in urban agglomerations of more than 1 million (% of total population),EN.URB.MCTY.TL.ZS,6.64079642752369
Zambia,ZMB,1969,Population in urban agglomerations of more than 1 million (% of total population),EN.URB.MCTY.TL.ZS,6.37658376465121
Zambia,ZMB,1968,Population in urban agglomerations of more than 1 million (% of total population),EN.URB.MCTY.TL.ZS,5.84009888559769
Zambia,ZMB,1967,Population in urban agglomerations of more than 1 million (% of total population),EN.URB.MCTY.TL.ZS,5.34430156637511
Zambia,ZMB,1966,Population in urban agglomerations of more than 1 million (% of total population),EN.URB.MCTY.TL.ZS,4.88963330058803
Zambia,ZMB,1965,Population in urban agglomerations of more than 1 million (% of total population),EN.URB.MCTY.TL.ZS,4.47252543505526
Zambia,ZMB,1964,Population in urban agglomerations of more than 1 million (% of total population),EN.URB.MCTY.TL.ZS,4.09065459771293
Zambia,ZMB,1963,Population in urban agglomerations of more than 1 million (% of total population),EN.URB.MCTY.TL.ZS,3.73914578112133
Zambia,ZMB,1962,Population in urban agglomerations of more than 1 million (% of total population),EN.URB.MCTY.TL.ZS,3.45453123538441
Zambia,ZMB,1961,Population in urban agglomerations of more than 1 million (% of total population),EN.URB.MCTY.TL.ZS,3.19827578033897
Zambia,ZMB,1960,Population in urban agglomerations of more than 1 million (% of total population),EN.URB.MCTY.TL.ZS,2.96152769003315
Zambia,ZMB,2016,Pump price for diesel fuel (US$ per liter),EP.PMP.DESL.CD,1.16
Zambia,ZMB,2014,Pump price for diesel fuel (US$ per liter),EP.PMP.DESL.CD,1.59
Zambia,ZMB,2012,Pump price for diesel fuel (US$ per liter),EP.PMP.DESL.CD,1.48
Zambia,ZMB,2010,Pump price for diesel fuel (US$ per liter),EP.PMP.DESL.CD,1.52
Zambia,ZMB,2008,Pump price for diesel fuel (US$ per liter),EP.PMP.DESL.CD,1.61
Zambia,ZMB,2006,Pump price for diesel fuel (US$ per liter),EP.PMP.DESL.CD,1.22
Zambia,ZMB,2004,Pump price for diesel fuel (US$ per liter),EP.PMP.DESL.CD,0.98
Zambia,ZMB,2002,Pump price for diesel fuel (US$ per liter),EP.PMP.DESL.CD,0.6
Zambia,ZMB,1998,Pump price for diesel fuel (US$ per liter),EP.PMP.DESL.CD,0.49
Zambia,ZMB,1995,Pump price for diesel fuel (US$ per liter),EP.PMP.DESL.CD,0.57
Zambia,ZMB,1992,Pump price for diesel fuel (US$ per liter),EP.PMP.DESL.CD,0.66
Zambia,ZMB,1991,Pump price for diesel fuel (US$ per liter),EP.PMP.DESL.CD,0.24
Zambia,ZMB,2016,Pump price for gasoline (US$ per liter),EP.PMP.SGAS.CD,1.4
Zambia,ZMB,2014,Pump price for gasoline (US$ per liter),EP.PMP.SGAS.CD,1.68
Zambia,ZMB,2012,Pump price for gasoline (US$ per liter),EP.PMP.SGAS.CD,1.48
Zambia,ZMB,2010,Pump price for gasoline (US$ per liter),EP.PMP.SGAS.CD,1.66
Zambia,ZMB,2008,Pump price for gasoline (US$ per liter),EP.PMP.SGAS.CD,1.7
Zambia,ZMB,2006,Pump price for gasoline (US$ per liter),EP.PMP.SGAS.CD,1.31
Zambia,ZMB,2004,Pump price for gasoline (US$ per liter),EP.PMP.SGAS.CD,1.1
Zambia,ZMB,2002,Pump price for gasoline (US$ per liter),EP.PMP.SGAS.CD,0.72
Zambia,ZMB,1998,Pump price for gasoline (US$ per liter),EP.PMP.SGAS.CD,0.53
Zambia,ZMB,1995,Pump price for gasoline (US$ per liter),EP.PMP.SGAS.CD,0.6
Zambia,ZMB,1992,Pump price for gasoline (US$ per liter),EP.PMP.SGAS.CD,0.72
Zambia,ZMB,1991,Pump price for gasoline (US$ per liter),EP.PMP.SGAS.CD,0.4
Zambia,ZMB,2019,"Mortality caused by road traffic injury (per 100,000 population)",SH.STA.TRAF.P5,20.5
Zambia,ZMB,2018,"Mortality caused by road traffic injury (per 100,000 population)",SH.STA.TRAF.P5,20.5
Zambia,ZMB,2017,"Mortality caused by road traffic injury (per 100,000 population)",SH.STA.TRAF.P5,20.6
Zambia,ZMB,2016,"Mortality caused by road traffic injury (per 100,000 population)",SH.STA.TRAF.P5,21.2
Zambia,ZMB,2015,"Mortality caused by road traffic injury (per 100,000 population)",SH.STA.TRAF.P5,20.9
Zambia,ZMB,2014,"Mortality caused by road traffic injury (per 100,000 population)",SH.STA.TRAF.P5,20.6
Zambia,ZMB,2013,"Mortality caused by road traffic injury (per 100,000 population)",SH.STA.TRAF.P5,20.4
Zambia,ZMB,2012,"Mortality caused by road traffic injury (per 100,000 population)",SH.STA.TRAF.P5,20.4
Zambia,ZMB,2011,"Mortality caused by road traffic injury (per 100,000 population)",SH.STA.TRAF.P5,20.7
Zambia,ZMB,2010,"Mortality caused by road traffic injury (per 100,000 population)",SH.STA.TRAF.P5,23.6
Zambia,ZMB,2009,"Mortality caused by road traffic injury (per 100,000 population)",SH.STA.TRAF.P5,23.8
Zambia,ZMB,2008,"Mortality caused by road traffic injury (per 100,000 population)",SH.STA.TRAF.P5,23.9
Zambia,ZMB,2007,"Mortality caused by road traffic injury (per 100,000 population)",SH.STA.TRAF.P5,24.1
Zambia,ZMB,2006,"Mortality caused by road traffic injury (per 100,000 population)",SH.STA.TRAF.P5,24.9
Zambia,ZMB,2005,"Mortality caused by road traffic injury (per 100,000 population)",SH.STA.TRAF.P5,25.4
Zambia,ZMB,2004,"Mortality caused by road traffic injury (per 100,000 population)",SH.STA.TRAF.P5,25.9
Zambia,ZMB,2003,"Mortality caused by road traffic injury (per 100,000 population)",SH.STA.TRAF.P5,26.2
Zambia,ZMB,2002,"Mortality caused by road traffic injury (per 100,000 population)",SH.STA.TRAF.P5,26.9
Zambia,ZMB,2001,"Mortality caused by road traffic injury (per 100,000 population)",SH.STA.TRAF.P5,27.2
Zambia,ZMB,2000,"Mortality caused by road traffic injury (per 100,000 population)",SH.STA.TRAF.P5,27.4
Zambia,ZMB,2020,Urban population growth (annual %),SP.URB.GROW,4.14160925731098
Zambia,ZMB,2019,Urban population growth (annual %),SP.URB.GROW,4.15113290323969
Zambia,ZMB,2018,Urban population growth (annual %),SP.URB.GROW,4.17281741307846
Zambia,ZMB,2017,Urban population growth (annual %),SP.URB.GROW,4.21123924175166
Zambia,ZMB,2016,Urban population growth (annual %),SP.URB.GROW,4.2620523104273
Zambia,ZMB,2015,Urban population growth (annual %),SP.URB.GROW,4.32737039174865
Zambia,ZMB,2014,Urban population growth (annual %),SP.URB.GROW,4.3784504611155
Zambia,ZMB,2013,Urban population growth (annual %),SP.URB.GROW,4.39827910741972
Zambia,ZMB,2012,Urban population growth (annual %),SP.URB.GROW,4.3572199879282
Zambia,ZMB,2011,Urban population growth (annual %),SP.URB.GROW,4.27276089260018
Zambia,ZMB,2010,Urban population growth (annual %),SP.URB.GROW,4.1778508105789
Zambia,ZMB,2009,Urban population growth (annual %),SP.URB.GROW,4.08229194484802
Zambia,ZMB,2008,Urban population growth (annual %),SP.URB.GROW,4.0116461378603
Zambia,ZMB,2007,Urban population growth (annual %),SP.URB.GROW,3.96150947546529
Zambia,ZMB,2006,Urban population growth (annual %),SP.URB.GROW,3.94357227114546
Zambia,ZMB,2005,Urban population growth (annual %),SP.URB.GROW,3.92305480879784
Zambia,ZMB,2004,Urban population growth (annual %),SP.URB.GROW,3.90095991930231
Zambia,ZMB,2003,Urban population growth (annual %),SP.URB.GROW,3.89762405037642
Zambia,ZMB,2002,Urban population growth (annual %),SP.URB.GROW,3.92283386662704
Zambia,ZMB,2001,Urban population growth (annual %),SP.URB.GROW,3.19071445812216
Zambia,ZMB,2000,Urban population growth (annual %),SP.URB.GROW,1.37762799251024
Zambia,ZMB,1999,Urban population growth (annual %),SP.URB.GROW,1.44947017890783
Zambia,ZMB,1998,Urban population growth (annual %),SP.URB.GROW,1.48314432580849
Zambia,ZMB,1997,Urban population growth (annual %),SP.URB.GROW,1.45455263768436
Zambia,ZMB,1996,Urban population growth (annual %),SP.URB.GROW,1.37381357322395
Zambia,ZMB,1995,Urban population growth (annual %),SP.URB.GROW,1.27209871497765
Zambia,ZMB,1994,Urban population growth (annual %),SP.URB.GROW,1.190570569157
Zambia,ZMB,1993,Urban population growth (annual %),SP.URB.GROW,1.16521485954608
Zambia,ZMB,1992,Urban population growth (annual %),SP.URB.GROW,1.22593549709896
Zambia,ZMB,1991,Urban population growth (annual %),SP.URB.GROW,1.5107523328226
Zambia,ZMB,1990,Urban population growth (annual %),SP.URB.GROW,2.60843091113501
Zambia,ZMB,1989,Urban population growth (annual %),SP.URB.GROW,2.75229202768294
Zambia,ZMB,1988,Urban population growth (annual %),SP.URB.GROW,2.88534780348007
Zambia,ZMB,1987,Urban population growth (annual %),SP.URB.GROW,2.98513941757561
Zambia,ZMB,1986,Urban population growth (annual %),SP.URB.GROW,3.05809284820818
Zambia,ZMB,1985,Urban population growth (annual %),SP.URB.GROW,3.12720686026551
Zambia,ZMB,1984,Urban population growth (annual %),SP.URB.GROW,3.2065103857165
Zambia,ZMB,1983,Urban population growth (annual %),SP.URB.GROW,3.26405708858
Zambia,ZMB,1982,Urban population growth (annual %),SP.URB.GROW,3.29428070986149
Zambia,ZMB,1981,Urban population growth (annual %),SP.URB.GROW,3.51709855549855
Zambia,ZMB,1980,Urban population growth (annual %),SP.URB.GROW,5.93695087986116
Zambia,ZMB,1979,Urban population growth (annual %),SP.URB.GROW,5.95107416957766
Zambia,ZMB,1978,Urban population growth (annual %),SP.URB.GROW,5.9770727495119
Zambia,ZMB,1977,Urban population growth (annual %),SP.URB.GROW,6.01346775910156
Zambia,ZMB,1976,Urban population growth (annual %),SP.URB.GROW,6.07209143381346
Zambia,ZMB,1975,Urban population growth (annual %),SP.URB.GROW,6.11923873507181
Zambia,ZMB,1974,Urban population growth (annual %),SP.URB.GROW,6.16456470034786
Zambia,ZMB,1973,Urban population growth (annual %),SP.URB.GROW,6.18321206079451
Zambia,ZMB,1972,Urban population growth (annual %),SP.URB.GROW,6.20119767496909
Zambia,ZMB,1971,Urban population growth (annual %),SP.URB.GROW,6.18910612772717
Zambia,ZMB,1970,Urban population growth (annual %),SP.URB.GROW,6.52778432553277
Zambia,ZMB,1969,Urban population growth (annual %),SP.URB.GROW,8.71220132930944
Zambia,ZMB,1968,Urban population growth (annual %),SP.URB.GROW,8.79896488937621
Zambia,ZMB,1967,Urban population growth (annual %),SP.URB.GROW,8.86837313754657
Zambia,ZMB,1966,Urban population growth (annual %),SP.URB.GROW,8.96084951920771
Zambia,ZMB,1965,Urban population growth (annual %),SP.URB.GROW,9.03141068775143
Zambia,ZMB,1964,Urban population growth (annual %),SP.URB.GROW,9.12362572644187
Zambia,ZMB,1963,Urban population growth (annual %),SP.URB.GROW,7.58344014247572
Zambia,ZMB,1962,Urban population growth (annual %),SP.URB.GROW,7.30519568297076
Zambia,ZMB,1961,Urban population growth (annual %),SP.URB.GROW,7.34711600601115
Zambia,ZMB,2020,Urban population,SP.URB.TOTL,8204576
Zambia,ZMB,2019,Urban population,SP.URB.TOTL,7871715
Zambia,ZMB,2018,Urban population,SP.URB.TOTL,7551639
Zambia,ZMB,2017,Urban population,SP.URB.TOTL,7243007
Zambia,ZMB,2016,Urban population,SP.URB.TOTL,6944320
Zambia,ZMB,2015,Urban population,SP.URB.TOTL,6654568
Zambia,ZMB,2014,Urban population,SP.URB.TOTL,6372742
Zambia,ZMB,2013,Urban population,SP.URB.TOTL,6099735
Zambia,ZMB,2012,Urban population,SP.URB.TOTL,5837266
Zambia,ZMB,2011,Urban population,SP.URB.TOTL,5588385
Zambia,ZMB,2010,Urban population,SP.URB.TOTL,5354636
Zambia,ZMB,2009,Urban population,SP.URB.TOTL,5135536
Zambia,ZMB,2008,Urban population,SP.URB.TOTL,4930110
Zambia,ZMB,2007,Urban population,SP.URB.TOTL,4736246
Zambia,ZMB,2006,Urban population,SP.URB.TOTL,4552287
Zambia,ZMB,2005,Urban population,SP.URB.TOTL,4376258
Zambia,ZMB,2004,Urban population,SP.URB.TOTL,4207899
Zambia,ZMB,2003,Urban population,SP.URB.TOTL,4046911
Zambia,ZMB,2002,Urban population,SP.URB.TOTL,3892212
Zambia,ZMB,2001,Urban population,SP.URB.TOTL,3742483
Zambia,ZMB,2000,Urban population,SP.URB.TOTL,3624956
Zambia,ZMB,1999,Urban population,SP.URB.TOTL,3575360
Zambia,ZMB,1998,Urban population,SP.URB.TOTL,3523910
Zambia,ZMB,1997,Urban population,SP.URB.TOTL,3472031
Zambia,ZMB,1996,Urban population,SP.URB.TOTL,3421894
Zambia,ZMB,1995,Urban population,SP.URB.TOTL,3375205
Zambia,ZMB,1994,Urban population,SP.URB.TOTL,3332541
Zambia,ZMB,1993,Urban population,SP.URB.TOTL,3293100
Zambia,ZMB,1992,Urban population,SP.URB.TOTL,3254951
Zambia,ZMB,1991,Urban population,SP.URB.TOTL,3215291
Zambia,ZMB,1990,Urban population,SP.URB.TOTL,3167081
Zambia,ZMB,1989,Urban population,SP.URB.TOTL,3085538
Zambia,ZMB,1988,Urban population,SP.URB.TOTL,3001773
Zambia,ZMB,1987,Urban population,SP.URB.TOTL,2916399
Zambia,ZMB,1986,Urban population,SP.URB.TOTL,2830627
Zambia,ZMB,1985,Urban population,SP.URB.TOTL,2745374
Zambia,ZMB,1984,Urban population,SP.URB.TOTL,2660849
Zambia,ZMB,1983,Urban population,SP.URB.TOTL,2576882
Zambia,ZMB,1982,Urban population,SP.URB.TOTL,2494129
Zambia,ZMB,1981,Urban population,SP.URB.TOTL,2413304
Zambia,ZMB,1980,Urban population,SP.URB.TOTL,2329901
Zambia,ZMB,1979,Urban population,SP.URB.TOTL,2195602
Zambia,ZMB,1978,Urban population,SP.URB.TOTL,2068752
Zambia,ZMB,1977,Urban population,SP.URB.TOTL,1948724
Zambia,ZMB,1976,Urban population,SP.URB.TOTL,1834992
Zambia,ZMB,1975,Urban population,SP.URB.TOTL,1726885
Zambia,ZMB,1974,Urban population,SP.URB.TOTL,1624381
Zambia,ZMB,1973,Urban population,SP.URB.TOTL,1527269
Zambia,ZMB,1972,Urban population,SP.URB.TOTL,1435695
Zambia,ZMB,1971,Urban population,SP.URB.TOTL,1349369
Zambia,ZMB,1970,Urban population,SP.URB.TOTL,1268387
Zambia,ZMB,1969,Urban population,SP.URB.TOTL,1188234
Zambia,ZMB,1968,Urban population,SP.URB.TOTL,1089094
Zambia,ZMB,1967,Urban population,SP.URB.TOTL,997360
Zambia,ZMB,1966,Urban population,SP.URB.TOTL,912719
Zambia,ZMB,1965,Urban population,SP.URB.TOTL,834489
Zambia,ZMB,1964,Urban population,SP.URB.TOTL,762426
Zambia,ZMB,1963,Urban population,SP.URB.TOTL,695944
Zambia,ZMB,1962,Urban population,SP.URB.TOTL,645119
Zambia,ZMB,1961,Urban population,SP.URB.TOTL,599672
Zambia,ZMB,1960,Urban population,SP.URB.TOTL,557193
Zambia,ZMB,2020,Urban population (% of total population),SP.URB.TOTL.IN.ZS,44.629
Zambia,ZMB,2019,Urban population (% of total population),SP.URB.TOTL.IN.ZS,44.072
Zambia,ZMB,2018,Urban population (% of total population),SP.URB.TOTL.IN.ZS,43.521
Zambia,ZMB,2017,Urban population (% of total population),SP.URB.TOTL.IN.ZS,42.976
Zambia,ZMB,2016,Urban population (% of total population),SP.URB.TOTL.IN.ZS,42.438
Zambia,ZMB,2015,Urban population (% of total population),SP.URB.TOTL.IN.ZS,41.907
Zambia,ZMB,2014,Urban population (% of total population),SP.URB.TOTL.IN.ZS,41.382
Zambia,ZMB,2013,Urban population (% of total population),SP.URB.TOTL.IN.ZS,40.865
Zambia,ZMB,2012,Urban population (% of total population),SP.URB.TOTL.IN.ZS,40.354
Zambia,ZMB,2011,Urban population (% of total population),SP.URB.TOTL.IN.ZS,39.851
Zambia,ZMB,2010,Urban population (% of total population),SP.URB.TOTL.IN.ZS,39.355
Zambia,ZMB,2009,Urban population (% of total population),SP.URB.TOTL.IN.ZS,38.861
Zambia,ZMB,2008,Urban population (% of total population),SP.URB.TOTL.IN.ZS,38.371
Zambia,ZMB,2007,Urban population (% of total population),SP.URB.TOTL.IN.ZS,37.881
Zambia,ZMB,2006,Urban population (% of total population),SP.URB.TOTL.IN.ZS,37.395
Zambia,ZMB,2005,Urban population (% of total population),SP.URB.TOTL.IN.ZS,36.911
Zambia,ZMB,2004,Urban population (% of total population),SP.URB.TOTL.IN.ZS,36.43
Zambia,ZMB,2003,Urban population (% of total population),SP.URB.TOTL.IN.ZS,35.951
Zambia,ZMB,2002,Urban population (% of total population),SP.URB.TOTL.IN.ZS,35.475
Zambia,ZMB,2001,Urban population (% of total population),SP.URB.TOTL.IN.ZS,35.002
Zambia,ZMB,2000,Urban population (% of total population),SP.URB.TOTL.IN.ZS,34.802
Zambia,ZMB,1999,Urban population (% of total population),SP.URB.TOTL.IN.ZS,35.258
Zambia,ZMB,1998,Urban population (% of total population),SP.URB.TOTL.IN.ZS,35.716
Zambia,ZMB,1997,Urban population (% of total population),SP.URB.TOTL.IN.ZS,36.176
Zambia,ZMB,1996,Urban population (% of total population),SP.URB.TOTL.IN.ZS,36.638
Zambia,ZMB,1995,Urban population (% of total population),SP.URB.TOTL.IN.ZS,37.104
Zambia,ZMB,1994,Urban population (% of total population),SP.URB.TOTL.IN.ZS,37.572
Zambia,ZMB,1993,Urban population (% of total population),SP.URB.TOTL.IN.ZS,38.042
Zambia,ZMB,1992,Urban population (% of total population),SP.URB.TOTL.IN.ZS,38.514
Zambia,ZMB,1991,Urban population (% of total population),SP.URB.TOTL.IN.ZS,38.989
Zambia,ZMB,1990,Urban population (% of total population),SP.URB.TOTL.IN.ZS,39.407
Zambia,ZMB,1989,Urban population (% of total population),SP.URB.TOTL.IN.ZS,39.456
Zambia,ZMB,1988,Urban population (% of total population),SP.URB.TOTL.IN.ZS,39.506
Zambia,ZMB,1987,Urban population (% of total population),SP.URB.TOTL.IN.ZS,39.556
Zambia,ZMB,1986,Urban population (% of total population),SP.URB.TOTL.IN.ZS,39.606
Zambia,ZMB,1985,Urban population (% of total population),SP.URB.TOTL.IN.ZS,39.655
Zambia,ZMB,1984,Urban population (% of total population),SP.URB.TOTL.IN.ZS,39.705
Zambia,ZMB,1983,Urban population (% of total population),SP.URB.TOTL.IN.ZS,39.755
Zambia,ZMB,1982,Urban population (% of total population),SP.URB.TOTL.IN.ZS,39.805
Zambia,ZMB,1981,Urban population (% of total population),SP.URB.TOTL.IN.ZS,39.854
Zambia,ZMB,1980,Urban population (% of total population),SP.URB.TOTL.IN.ZS,39.815
Zambia,ZMB,1979,Urban population (% of total population),SP.URB.TOTL.IN.ZS,38.818
Zambia,ZMB,1978,Urban population (% of total population),SP.URB.TOTL.IN.ZS,37.832
Zambia,ZMB,1977,Urban population (% of total population),SP.URB.TOTL.IN.ZS,36.855
Zambia,ZMB,1976,Urban population (% of total population),SP.URB.TOTL.IN.ZS,35.89
Zambia,ZMB,1975,Urban population (% of total population),SP.URB.TOTL.IN.ZS,34.934
Zambia,ZMB,1974,Urban population (% of total population),SP.URB.TOTL.IN.ZS,33.992
Zambia,ZMB,1973,Urban population (% of total population),SP.URB.TOTL.IN.ZS,33.061
Zambia,ZMB,1972,Urban population (% of total population),SP.URB.TOTL.IN.ZS,32.146
Zambia,ZMB,1971,Urban population (% of total population),SP.URB.TOTL.IN.ZS,31.241
Zambia,ZMB,1970,Urban population (% of total population),SP.URB.TOTL.IN.ZS,30.351
Zambia,ZMB,1969,Urban population (% of total population),SP.URB.TOTL.IN.ZS,29.37
Zambia,ZMB,1968,Urban population (% of total population),SP.URB.TOTL.IN.ZS,27.791
Zambia,ZMB,1967,Urban population (% of total population),SP.URB.TOTL.IN.ZS,26.261
Zambia,ZMB,1966,Urban population (% of total population),SP.URB.TOTL.IN.ZS,24.789
Zambia,ZMB,1965,Urban population (% of total population),SP.URB.TOTL.IN.ZS,23.372
Zambia,ZMB,1964,Urban population (% of total population),SP.URB.TOTL.IN.ZS,22.015
Zambia,ZMB,1963,Urban population (% of total population),SP.URB.TOTL.IN.ZS,20.712
Zambia,ZMB,1962,Urban population (% of total population),SP.URB.TOTL.IN.ZS,19.785
Zambia,ZMB,1961,Urban population (% of total population),SP.URB.TOTL.IN.ZS,18.951
Zambia,ZMB,1960,Urban population (% of total population),SP.URB.TOTL.IN.ZS,18.145
Zambia,ZMB,2008,"Motor vehicles (per 1,000 people)",IS.VEH.NVEH.P3,21
Zambia,ZMB,2007,"Motor vehicles (per 1,000 people)",IS.VEH.NVEH.P3,17
Zambia,ZMB,2008,"Passenger cars (per 1,000 people)",IS.VEH.PCAR.P3,13
Zambia,ZMB,2007,"Passenger cars (per 1,000 people)",IS.VEH.PCAR.P3,11
